run,epoch,train_pitch_ce,train_aux,val_pitch_ce,val_profile_ce,val_rv_mse,val_retrieval_r,lr,seconds
t1_emb8,1,1.2054819232938827,2.3194229196996723,1.1419782882864336,1.692760944366455,1.1754359006881714,0.2105139906051915,0.002,2.2821247577667236
t1_emb8,2,1.1461683713908857,2.002036359944503,1.1388467680990997,1.6925288438796997,1.2646968364715576,0.1988716657062087,0.002,1.9145700931549072
t1_emb8,3,1.1387931784696168,1.8799266284220384,1.1305951260501517,1.6922659873962402,1.2718963623046875,0.2371484003966406,0.002,2.0479018688201904
t1_emb8,4,1.1348850869325564,1.8264135944507192,1.1284193435300574,1.6918796300888062,1.2674297094345093,0.2688246757673741,0.002,2.12830114364624
t1_emb8,5,1.1323732953510668,1.7902273333127887,1.1260917597788167,1.6919044256210327,1.3036069869995115,0.2167552058146891,0.002,2.004948854446411
t1_emb8,6,1.129492615272495,1.7708064193366138,1.1263215192892833,1.6918050050735474,1.3006107807159424,0.2516754480901347,0.002,2.084540367126465
t1_emb8,7,1.1279965437148187,1.758945492640208,1.1247488319125434,1.6917599439620972,1.2842386960983276,0.2441788714576499,0.002,2.0161399841308594
t1_emb8,8,1.1263832243556702,1.7498466416867435,1.1236519862101255,1.6916723251342771,1.2664556503295898,0.2298684106013287,0.002,2.0706300735473633
t1_emb8,9,1.1250963913608327,1.7437861964194858,1.122604446789947,1.6916301250457764,1.2789217233657837,0.2203227847757496,0.002,2.0691730976104736
t1_emb8,10,1.1238355423275714,1.7388549551377814,1.1212863883690685,1.6915507316589355,1.2658628225326538,0.2284625667829053,0.002,2.107287883758545
t1_emb8,11,1.1228424972441262,1.7347814301547142,1.1209528471765704,1.6915754079818726,1.2874019145965576,0.2586968714596858,0.002,2.0299670696258545
t1_emb8,12,1.1217282841335725,1.731495035856971,1.1199293397160028,1.6914434432983398,1.249110221862793,0.237952039382705,0.002,2.053344964981079
t1_emb8,13,1.1213668271157284,1.7286062995878024,1.12013241615292,1.6914286613464355,1.2552735805511477,0.2385966868768478,0.002,1.9567511081695557
t1_emb8,14,1.1207035671116805,1.7261691193877682,1.117829579829278,1.6913893222808838,1.2498774528503418,0.2441066855221854,0.002,2.1569879055023193
t1_emb8,15,1.1200925793625702,1.7236785556240226,1.120811628216123,1.6913350820541382,1.256675362586975,0.2052210980137414,0.002,2.023923873901367
t1_emb8,16,1.119285190858912,1.7218629196471509,1.119127871367153,1.6913979053497314,1.2696489095687866,0.2271219194078077,0.001,1.9640450477600095
t1_emb8,17,1.117040260699714,1.718021157120553,1.1163004749908776,1.691332221031189,1.256656289100647,0.2382950009819933,0.001,1.9351739883422852
t1_emb8,18,1.1168620187457092,1.7170927376190674,1.1158518044612902,1.6913787126541138,1.287966251373291,0.2062805990241464,0.001,2.063193082809448
t1_emb8,19,1.1165422187355216,1.7163280935753755,1.1167682302130617,1.691343903541565,1.265934705734253,0.2289140097162987,0.001,1.9097280502319336
t1_emb8,20,1.1165043174200275,1.7154445102868148,1.1155496828513438,1.691364884376526,1.2833067178726196,0.2177404057758433,0.001,2.028862237930298
t1_emb8,21,1.116165003235856,1.7146606302051892,1.1162456779078038,1.6913167238235474,1.2612857818603516,0.2250375110663827,0.001,2.077629804611206
t1_emb8,22,1.1160404253515095,1.714128924812162,1.116500207030923,1.6913079023361206,1.2696808576583862,0.1801483677329596,0.0005,2.1166179180145264
t1_emb8,23,1.114618645661964,1.7122859420732297,1.115022161094018,1.691289305686951,1.280872464179993,0.1800209359769415,0.0005,2.078029155731201
t1_emb8,24,1.114291862451132,1.711907237347754,1.1154250694037224,1.6913130283355713,1.2742836475372314,0.1873453788040103,0.0005,2.015630006790161
t1_emb8,25,1.1143617583108396,1.711647381068682,1.1154458845305215,1.6913509368896484,1.2887458801269531,0.202376392224824,0.00025,1.987417221069336
t1_emb8,26,1.113584836461812,1.7106724345950557,1.1148339209118805,1.691293239593506,1.268531084060669,0.174446357920176,0.00025,2.2003469467163086
t1_emb8,27,1.113389679807304,1.7104017690057536,1.1152806169716727,1.691303253173828,1.272445797920227,0.1783001128630119,0.00025,1.8900489807128904
t1_emb8,28,1.1133900867867004,1.710280266504213,1.1149962711361443,1.6912916898727417,1.27156400680542,0.1925799488167394,0.000125,1.8788270950317385
t1_emb8,29,1.113105662839495,1.709965247506289,1.1149516902703809,1.69128680229187,1.274778127670288,0.1766171930922697,0.000125,1.8929619789123535
t1_emb16,1,1.20543403767884,2.3434082574574835,1.1434888575123208,1.6926219463348389,1.2521699666976929,0.2010027750459727,0.002,1.9883501529693604
t1_emb16,2,1.147860001334502,2.038237715875472,1.1371846139463413,1.6924561262130735,1.4008814096450806,0.2088378769037304,0.002,2.0552127361297607
t1_emb16,3,1.139237677559684,1.881768342091202,1.1295057955347343,1.692379355430603,1.4061859846115112,0.2066591212966951,0.002,1.9130828380584717
t1_emb16,4,1.13472946988725,1.8174985163378536,1.1285894640694416,1.692174196243286,1.4156851768493652,0.1784955164994836,0.002,2.1525068283081055
t1_emb16,5,1.131695633652095,1.7856042505191327,1.1261527298531313,1.6920803785324097,1.3834158182144165,0.1735705453713042,0.002,2.0675241947174072
t1_emb16,6,1.1291955974945027,1.7672196170762715,1.124579349193458,1.691837191581726,1.3741592168807983,0.1934402321068767,0.002,1.940107822418213
t1_emb16,7,1.1277707324014137,1.7554418715211242,1.1241034354177109,1.691866755485535,1.3835272789001465,0.178499768169932,0.002,1.9173572063446045
t1_emb16,8,1.1260742997422364,1.7473924611821956,1.1233312402474502,1.6916868686676023,1.3644424676895142,0.1547187699111858,0.002,1.870621919631958
t1_emb16,9,1.124520402886079,1.7410139484471048,1.1222994133916795,1.6915850639343262,1.337662935256958,0.1348354387131467,0.002,1.939259052276611
t1_emb16,10,1.1235868608289297,1.7362380203120449,1.1209353209840085,1.6915462017059326,1.301782488822937,0.1910722575698279,0.002,1.961034059524536
t1_emb16,11,1.1226808874957417,1.7323646303897453,1.1217508990271232,1.6915332078933716,1.339565396308899,0.165482901974501,0.002,1.8778088092803955
t1_emb16,12,1.1213491335791586,1.729042079549641,1.119886211971268,1.6915924549102783,1.3558049201965332,0.1619250033981228,0.002,1.8993730545043943
t1_emb16,13,1.1206761383761747,1.726208596495916,1.119977542291812,1.69161057472229,1.34601092338562,0.1774385012501619,0.002,1.9377448558807373
t1_emb16,14,1.120024247480361,1.723874511471745,1.1179759124446438,1.6915491819381714,1.2980252504348757,0.1564013665964145,0.002,1.9523441791534424
t1_emb16,15,1.119078841415184,1.721393452918618,1.1214540851913168,1.6916710138320925,1.3346322774887085,0.1517354457765413,0.002,1.89687180519104
t1_emb16,16,1.1185284991695554,1.7196056848716916,1.119368412813803,1.6915769577026367,1.2921632528305054,0.1921199335401865,0.001,2.1617672443389893
t1_emb16,17,1.115996178774668,1.7158662355524006,1.116063594078117,1.6915569305419922,1.2954707145690918,0.150580505525804,0.001,2.233926773071289
t1_emb16,18,1.1157296586918344,1.7152015483228291,1.115848160566191,1.6915348768234253,1.297895431518555,0.1671820819298889,0.001,1.961345911026001
t1_emb16,19,1.1152205299153974,1.7145039080831084,1.1169863536627702,1.69162118434906,1.3076467514038086,0.1274284841972493,0.001,1.9142918586730957
t1_emb16,20,1.1152161019658726,1.713764091627504,1.1153458077524872,1.691633224487305,1.3105528354644775,0.1536804962696704,0.001,1.9027440547943115
t1_emb16,21,1.1146770891349007,1.7132751856940789,1.1164312614297398,1.6916399002075195,1.301242709159851,0.1438155275319259,0.001,1.9312007427215576
t1_emb16,22,1.114623636651021,1.712398664686732,1.1167232888401726,1.6916872262954712,1.3053643703460691,0.1484856332453343,0.0005,1.8952507972717283
t1_emb16,23,1.1132097616372103,1.710945243169078,1.115001739751925,1.6916348934173584,1.3186370134353638,0.1211685073590384,0.0005,1.9014620780944824
t1_emb16,24,1.112800350187809,1.710683873852156,1.1153847979846745,1.6915948390960691,1.3037333488464355,0.1459557864335894,0.0005,2.090059995651245
t1_emb16,25,1.1129386791988791,1.7102200336006388,1.1150508130910983,1.6915737390518188,1.293835997581482,0.1679212475744536,0.00025,1.9399652481079104
t1_emb16,26,1.1122835032692346,1.709397495466518,1.1146668452711403,1.691657543182373,1.3154271841049194,0.1454011031510725,0.00025,1.9683802127838137
t1_emb16,27,1.11216980837258,1.7091725513635658,1.115137939343933,1.691661715507507,1.3088980913162231,0.1515413497687037,0.00025,1.9915220737457275
t1_emb16,28,1.1118973134746406,1.7088914628221006,1.114699645873296,1.6916298866271973,1.306387424468994,0.1395975654244692,0.000125,2.006927251815796
t1_emb16,29,1.111547241353683,1.70855574527309,1.1145709614682886,1.6916425228118896,1.311595797538757,0.1531598976037147,0.000125,1.870762825012207
t1_emb32,1,1.2066515680536951,2.324443776114089,1.143470283075963,1.6926050186157229,1.274531006813049,0.198318154512696,0.002,2.0243630409240723
t1_emb32,2,1.1454612563302105,2.0009619684281796,1.1375892526902485,1.6923797130584717,1.3456177711486816,0.2049309700721457,0.002,1.941455125808716
t1_emb32,3,1.1395720922310504,1.886569731137363,1.1301452908052358,1.6922789812088013,1.3729335069656372,0.2061992172770758,0.002,1.882785081863403
t1_emb32,4,1.1343484907568409,1.8116862209071072,1.1269885018415369,1.6921333074569702,1.372135043144226,0.2045000167824903,0.002,1.969568967819214
t1_emb32,5,1.1306730593483862,1.7816326575753847,1.1254718261795704,1.6919786930084229,1.3228851556777954,0.1917450017958164,0.002,1.881843090057373
t1_emb32,6,1.1283010232708486,1.7637948407439703,1.123620999236124,1.691851019859314,1.345473289489746,0.1817221643293911,0.002,1.8792200088500977
t1_emb32,7,1.1269024656301958,1.7528731504862276,1.12322982681992,1.6919881105422974,1.3246431350708008,0.1898694804351303,0.002,1.9064970016479492
t1_emb32,8,1.1254416952734287,1.745460299428029,1.1222504066076675,1.691701889038086,1.3242267370224,0.178965842836752,0.002,1.9314889907836912
t1_emb32,9,1.1242909121560414,1.739560535400434,1.1219751566442284,1.691579818725586,1.281320095062256,0.1327952464361093,0.002,2.0728249549865723
t1_emb32,10,1.1233254294430677,1.7354863398329317,1.121049307790823,1.691715955734253,1.300959587097168,0.0884338923584987,0.002,1.9620978832244873
t1_emb32,11,1.122569979433711,1.730870135099577,1.1217035949459964,1.691722393035889,1.2982484102249146,0.1270429313041706,0.002,1.8785831928253176
t1_emb32,12,1.121121195036368,1.7277308710461636,1.1204602613328354,1.6917083263397217,1.2876611948013306,0.0954561864648835,0.002,1.915402889251709
t1_emb32,13,1.1205365017069464,1.724759327372305,1.12048839198115,1.691650390625,1.290089726448059,0.109151608832264,0.002,2.02975082397461
t1_emb32,14,1.119921363992247,1.7219228869994905,1.1182526488066926,1.691663384437561,1.2879546880722046,0.074246102840663,0.002,2.0830259323120117
t1_emb32,15,1.1189165771920733,1.7201769707204748,1.12133061427397,1.6918411254882812,1.3109285831451416,0.102694553321028,0.002,2.020519971847534
t1_emb32,16,1.1184993738715827,1.717593783207204,1.1196909113957343,1.6918572187423706,1.2764148712158203,0.1029773964955647,0.001,2.0397188663482666
t1_emb32,17,1.1157055909648248,1.714410638172004,1.1164338848123605,1.6918936967849731,1.3081674575805664,0.1012010943077961,0.001,2.1105237007141113
t1_emb32,18,1.1151741301419442,1.7134166446329282,1.1163770577968573,1.6919411420822144,1.3013840913772583,0.0927531044251397,0.001,2.1667959690093994
t1_emb32,19,1.115164749078965,1.712802695839596,1.117676147996672,1.6919174194335938,1.3105387687683103,0.129620226725144,0.0005,1.9588022232055664
t1_emb32,20,1.113533699612063,1.7109484559099628,1.115734855949783,1.6919190883636477,1.2963476181030271,0.1252325442344199,0.0005,1.9041731357574463
t1_emb32,21,1.11368049323317,1.7104436167439654,1.115347638019432,1.6919591426849363,1.2992186546325684,0.1099703212941064,0.0005,1.9555840492248535
t1_emb32,22,1.113295452148771,1.710000862219388,1.116805806148064,1.6920064687728882,1.3053739070892334,0.1123280175739693,0.0005,2.0899336338043213
t1_emb32,23,1.1130125003726692,1.7096289707724457,1.115455302085892,1.692060947418213,1.3172318935394287,0.1212885867775498,0.00025,2.096644878387451
t1_emb32,24,1.1122999201370205,1.7087301223282076,1.1156683895283706,1.6920828819274902,1.3164178133010864,0.1337846612566698,0.00025,2.0791962146759033
t1_aux_off,1,1.2020900496375138,,1.1396179760344625,1.9173611402511597,1.0883935689926147,0.12968260139396798,0.002,1.7239432334899902
t1_aux_off,2,1.1415849970209977,,1.1325111437744124,1.9188905954360962,1.0848997831344604,0.12481221176514187,0.002,2.1323060989379883
t1_aux_off,3,1.1338885101299965,,1.1260966626757234,1.9189507961273193,1.0837249755859375,0.15933239510157973,0.002,1.5025973320007324
t1_aux_off,4,1.1301757003989747,,1.1237524124027585,1.9175153970718384,1.0826270580291748,0.17572894341556727,0.002,2.260754108428955
t1_aux_off,5,1.127641087892911,,1.122588235061827,1.9181395769119263,1.0799256563186646,0.16598036864006435,0.002,1.6476948261260986
t1_aux_off,6,1.125339909880284,,1.1223875546107287,1.9180467128753662,1.07891047000885,0.19233724295057947,0.002,1.850766897201538
t1_aux_off,7,1.124062142988789,,1.1209379388203657,1.9178141355514526,1.0769405364990234,0.18168138682789273,0.002,1.7936761379241943
t1_aux_off,8,1.1225775613010835,,1.1204583201406213,1.9183812141418457,1.0761637687683105,0.19609679816680353,0.002,1.7915141582489014
t1_aux_off,9,1.121333145820796,,1.1204238889370057,1.9186142683029175,1.0761445760726929,0.2007535782002892,0.002,1.8012826442718506
t1_aux_off,10,1.1201693497381673,,1.1190832461312816,1.9200420379638672,1.0793875455856323,0.14333957137793485,0.002,1.7958362102508545
t1_aux_off,11,1.119068483598826,,1.1197680599205881,1.9186053276062012,1.0788286924362183,0.16278061610121525,0.002,1.7897968292236328
t1_aux_off,12,1.1178726715291665,,1.1174480079951385,1.9174764156341553,1.074686884880066,0.19185429946629184,0.002,1.8112661838531494
t1_aux_off,13,1.1174285675680042,,1.1182709902999846,1.918892502784729,1.07654869556427,0.11069050311269273,0.002,1.8146278858184814
t1_aux_off,14,1.1166236762058883,,1.116149888391431,1.9186928272247314,1.0753942728042603,0.07080758322319543,0.002,1.7885136604309082
t1_aux_off,15,1.115917609844568,,1.1184513381492056,1.9184255599975586,1.078896164894104,0.1104086955457182,0.002,1.791701078414917
t1_aux_off,16,1.1151960441029207,,1.1174871646152296,1.918569564819336,1.0741324424743652,0.10097239191758389,0.001,1.8152740001678467
t1_aux_off,17,1.1124219930967238,,1.1138124822075868,1.9180339574813843,1.0739121437072754,0.10356560748655133,0.001,1.7825140953063965
t1_aux_off,18,1.1121059014605297,,1.1138166807290328,1.9193040132522583,1.0745084285736084,0.11905729441600463,0.001,1.8414311408996582
t1_aux_off,19,1.1115885097249143,,1.1151339183029179,1.9184112548828125,1.0752886533737183,0.0988174379143437,0.0005,1.8747389316558838
t1_aux_off,20,1.1102553681178762,,1.113241444467083,1.9178669452667236,1.0746434926986694,0.12036794498194192,0.0005,1.8664679527282715
t1_aux_off,21,1.1098229104038384,,1.1131236529235287,1.9185518026351929,1.0730589628219604,0.09641618574446517,0.0005,1.8268609046936035
t1_aux_off,22,1.109739287716417,,1.1146788584778142,1.9177075624465942,1.0727964639663696,0.08139986361168237,0.0005,1.8893871307373047
t1_aux_off,23,1.1094818678005687,,1.1130718619152553,1.9185187816619873,1.072396159172058,0.08783856400360189,0.00025,1.8695411682128906
t1_aux_off,24,1.1084890756095034,,1.1134414760053557,1.918894648551941,1.0729105472564697,0.08334461253219046,0.00025,1.885765790939331
t3a_aux_on,1,1.4647297402184194,2.329194793506034,1.4542718563601178,1.5312161445617676,1.1160377264022827,0.14102614307519823,0.002,2.1133787631988525
t3a_aux_on,2,1.4573843137735931,1.9785258849277227,1.4531654544457429,1.5309847593307495,1.3451732397079468,0.14409186926438208,0.002,1.8599128723144531
t3a_aux_on,3,1.456070076389712,1.7842447261685004,1.4526331906331509,1.5309456586837769,1.3810129165649414,0.10103783489675176,0.002,1.8578312397003174
t3a_aux_on,4,1.4555148984868953,1.707600457700013,1.4524479010631788,1.5309487581253052,1.42874276638031,0.15601654583296043,0.002,1.9518840312957764
t3a_aux_on,5,1.4550254361279076,1.661017319043121,1.451896635751942,1.5309796333312988,1.4273604154586792,0.19003886971254283,0.002,2.391530752182007
t3a_aux_on,6,1.4542700211244988,1.6361021978922852,1.4513467237289917,1.5310289859771729,1.4060572385787964,0.20600451772000708,0.002,2.020984172821045
t3a_aux_on,7,1.4538691444158274,1.6184206067024411,1.4511217229125817,1.5310906171798706,1.400821566581726,0.2316686410098403,0.002,1.8755183219909668
t3a_aux_on,8,1.4532943144869106,1.6076040038782555,1.4507906220760098,1.5310781002044678,1.369681477546692,0.22665103694806432,0.002,1.8772599697113037
t3a_aux_on,9,1.4529360106435034,1.5983897044858477,1.4513130579097349,1.5311241149902344,1.369083046913147,0.2359129585108103,0.002,1.9115757942199707
t3a_aux_on,10,1.4527262272205466,1.5918263979152352,1.4507611603244626,1.5310999155044556,1.3618541955947876,0.23652710839802,0.001,1.9543237686157227
t3a_aux_on,11,1.451651599553906,1.5845529560195748,1.4503072873997414,1.5310862064361572,1.3655019998550415,0.24417687596092222,0.001,2.0072977542877197
t3a_aux_on,12,1.4512500883443402,1.582103423713813,1.450342739115835,1.5310876369476318,1.3601049184799194,0.23132780189166513,0.001,1.849330186843872
t3a_aux_on,13,1.4512799095535436,1.5801771534356384,1.4500179942971987,1.5310794115066528,1.359534740447998,0.21669654694100862,0.001,1.8284928798675537
t3a_aux_on,14,1.4510632125888103,1.5782217914166454,1.449874179685448,1.531070351600647,1.3447165489196777,0.22223664953737557,0.001,1.8781449794769287
t3a_aux_on,15,1.4508515588770563,1.5768209791207568,1.4501157305520493,1.5310814380645752,1.3543918132781982,0.20143279235902092,0.0005,1.9284601211547852
t3a_aux_on,16,1.4503120160976024,1.5738596575229127,1.449810131434908,1.5310872793197632,1.3419920206069946,0.22032513026878323,0.0005,1.9653189182281494
t3a_aux_on,17,1.4500645159586687,1.57266942053293,1.4497205370948298,1.5311000347137451,1.3476452827453613,0.2173805030624366,0.0005,1.87996506690979
t3a_aux_on,18,1.4502432318401293,1.572455501872607,1.4497743913131138,1.5310944318771362,1.356458067893982,0.20590357985490734,0.00025,1.8358991146087646
t3a_aux_on,19,1.4497885211676207,1.5707144512291955,1.4496663944708457,1.5311133861541748,1.3412562608718872,0.21077764984399822,0.00025,1.8559980392456055
t3a_aux_on,20,1.449704378071543,1.5703614206095848,1.4495713980701488,1.5310966968536377,1.3481298685073853,0.20480566434495975,0.00025,1.8418490886688232
t3a_aux_on,21,1.449706201686977,1.5699617696337516,1.4495415369876317,1.5311187505722046,1.3487118482589722,0.20982853843541022,0.00025,1.8836517333984375
t3a_aux_on,22,1.4495750378786727,1.569627101338373,1.449627160203066,1.5311139822006226,1.3474361896514893,0.21210450942942088,0.000125,1.837386131286621
t3a_aux_on,23,1.4494324044703821,1.5689169374497125,1.449542202539248,1.531122088432312,1.3440667390823364,0.21865505733274662,0.000125,1.8216278553009033
t3a_aux_off,1,1.4637538589626768,,1.4530242687628763,1.6157485246658325,1.081672191619873,0.1467327325384531,0.002,1.746798038482666
t3a_aux_off,2,1.455542058831464,,1.4509499329478932,1.6185873746871948,1.0810881853103638,0.19244077976412657,0.002,1.7532398700714111
t3a_aux_off,3,1.4539943370052648,,1.4501546320440208,1.6199913024902344,1.0821433067321777,0.17934286345865275,0.002,1.7565898895263672
t3a_aux_off,4,1.4528508531328193,,1.4495598285645526,1.6186621189117432,1.0809701681137085,0.19159180561213093,0.002,1.757530927658081
t3a_aux_off,5,1.452210487074222,,1.4491561160466446,1.617943525314331,1.0809729099273682,0.19763029584910766,0.002,1.7789390087127686
t3a_aux_off,6,1.4514916172347918,,1.4481749376688726,1.6199588775634766,1.0815951824188232,0.1845321029842919,0.002,1.7871129512786865
t3a_aux_off,7,1.451092207085799,,1.4479354611048085,1.618841528892517,1.0803977251052856,0.19153545243451414,0.002,1.7636661529541016
t3a_aux_off,8,1.450448734639878,,1.448170955451702,1.6214741468429565,1.0785058736801147,0.20955482431240807,0.002,1.7687149047851562
t3a_aux_off,9,1.4500972026082113,,1.4482248651326204,1.6210238933563232,1.0806148052215576,0.19222694449014396,0.001,1.7574710845947266
t3a_aux_off,10,1.4487747006867913,,1.4473612897254449,1.6204100847244263,1.079776406288147,0.22022452899183664,0.001,1.7628180980682373
t3a_aux_off,11,1.4483821921311513,,1.4471810472552296,1.6205941438674927,1.079811453819275,0.24038868807547303,0.001,1.8010327816009521
t3a_aux_off,12,1.4480923952437794,,1.4470807597191833,1.621124029159546,1.0792521238327026,0.23252863576935628,0.001,1.7705190181732178
t3a_aux_off,13,1.4479915705585829,,1.447160415155125,1.6199175119400024,1.0805758237838745,0.20798977861798398,0.0005,1.7692689895629883
t3a_aux_off,14,1.4472215700822206,,1.4467495812349231,1.6207448244094849,1.079952359199524,0.21905447707333822,0.0005,1.7958478927612305
t3a_aux_off,15,1.4471135225736695,,1.4469650092005855,1.6209582090377808,1.0810987949371338,0.24551145970388283,0.0005,1.7607460021972656
t3a_aux_off,16,1.4470169523751766,,1.4469249984559203,1.6203641891479492,1.0809776782989502,0.23429352555618235,0.00025,1.8013288974761963
t3a_aux_off,17,1.446470297919904,,1.446511335941349,1.6202046871185303,1.0801626443862915,0.2367981991778316,0.00025,1.8433120250701904
t3a_aux_off,18,1.4464920943512491,,1.4468007843392687,1.6205816268920898,1.080735206604004,0.24202366119065913,0.00025,1.8264787197113037
t3a_aux_off,19,1.4464100976180547,,1.4467532639538665,1.620239496231079,1.0791627168655396,0.24684664323058597,0.000125,1.7607438564300537
t3a_aux_off,20,1.4462030726680322,,1.44652459151104,1.6198242902755737,1.0795660018920898,0.24667248559860092,0.000125,1.7725517749786377
