run,config,tier,aux,seed,lam,d_emb,dropout,lr,n_classes,best_epoch,ce_best_epoch,epochs_run,train_minutes,val_pitch_logloss,val_profile_ce,val_rv_mse,val_retrieval_r,val_retrieval_mae,val_baseline_mae,n_val_queries,val_prior_logloss
t1_emb8_profile_rv_s372,t1_emb8_profile_rv,t1,profile_rv,372,1.0,8,0.1,0.002,7,3,26,29,0.9433922370274862,1.1289808306048674,1.6921132802963257,1.2931734323501587,0.23604839234781275,0.7806082309985117,0.7860937201922801,573,1.6958938275821935
t1_emb8_profile_rv_s373,t1_emb8_profile_rv,t1,profile_rv,373,1.0,8,0.1,0.002,7,3,26,29,0.932754929860433,1.1322454167453497,1.692466139793396,1.3768706321716309,0.2018960757940673,0.7805373042800741,0.7860937201922801,573,1.6958938275821935
t1_emb8_profile_rv_s374,t1_emb8_profile_rv,t1,profile_rv,374,1.0,8,0.1,0.002,7,3,20,23,0.7284480492273967,1.130093721647501,1.6921888589859009,1.3871935606002808,0.235827908619348,0.7735619075616359,0.7860937201922801,573,1.6958938275821935
t1_emb16_profile_rv_s372,t1_emb16_profile_rv,t1,profile_rv,372,1.0,16,0.1,0.002,7,1,26,29,0.925289797782898,1.1429203544142224,1.6925984621047974,1.2617939710617065,0.22289400107412682,0.7739257980906,0.7860937201922801,573,1.6958938275821935
t1_emb16_profile_rv_s373,t1_emb16_profile_rv,t1,profile_rv,373,1.0,16,0.1,0.002,7,2,26,29,0.9200193643569946,1.1380788213666562,1.6921911239624023,1.3192802667617798,0.1684502039374965,0.7931633068793438,0.7860937201922801,573,1.6958938275821935
t1_emb16_profile_rv_s374,t1_emb16_profile_rv,t1,profile_rv,374,1.0,16,0.1,0.002,7,1,20,23,0.731853715578715,1.143540304652259,1.6929235458374023,1.1787856817245483,0.26761870641355295,0.768332522653179,0.7860937201922801,573,1.6958938275821935
t1_emb32_profile_rv_s372,t1_emb32_profile_rv,t1,profile_rv,372,1.0,32,0.1,0.002,7,12,21,24,0.7795195698738098,1.1205231670531006,1.6916254758834839,1.3225269317626953,0.2183058535026788,0.7793239241713077,0.7860937201922801,573,1.6958938275821935
t1_emb32_profile_rv_s373,t1_emb32_profile_rv,t1,profile_rv,373,1.0,32,0.1,0.002,7,25,25,28,0.920827051003774,1.1152425917893294,1.6915686130523682,1.2719151973724365,0.12957031903830427,0.790119114172763,0.7860937201922801,573,1.6958938275821935
t1_emb32_profile_rv_s374,t1_emb32_profile_rv,t1,profile_rv,374,1.0,32,0.1,0.002,7,16,27,30,1.0015433828035991,1.1176517888075161,1.6916970014572144,1.2928255796432495,0.17257255754842787,0.7851518321177933,0.7860937201922801,573,1.6958938275821935
