rank,comp,pitcher,site_pct,ours_pct,abs_error,in_our_top20,season,target,pitch_type,n_named,n_scored,per_pitch_mae,spearman,overlap
1,Robert Suarez,663158,98,96.73,1.269999999999996,True,2026,Cam Schlittler,FF,19,19,1.298,0.8962,16
2,Hunter Greene,668881,94,94.02,0.01999999999999602,True,2026,Cam Schlittler,FF,19,19,1.298,0.8962,16
3,Daniel Espino,682982,88,89.7,1.7000000000000028,True,2026,Cam Schlittler,FF,19,19,1.298,0.8962,16
4,Nate Pearson,663878,84,84.34,0.3400000000000034,True,2026,Cam Schlittler,FF,19,19,1.298,0.8962,16
5,Bobby Miller,676272,84,84.2,0.20000000000000284,True,2026,Cam Schlittler,FF,19,19,1.298,0.8962,16
6,David Sandlin,689818,82,82.64,0.6400000000000006,True,2026,Cam Schlittler,FF,19,19,1.298,0.8962,16
7,Jonathan Bowlan,680742,82,81.86,0.14000000000000057,True,2026,Cam Schlittler,FF,19,19,1.298,0.8962,16
8,Luis Severino,622663,79,79.26,0.2600000000000051,True,2026,Cam Schlittler,FF,19,19,1.298,0.8962,16
9,Ryan Zeferjahn,666171,77,79.66,2.6599999999999966,True,2026,Cam Schlittler,FF,19,19,1.298,0.8962,16
10,Justin Slaten,686580,75,71.36,3.6400000000000006,False,2026,Cam Schlittler,FF,19,19,1.298,0.8962,16
11,Ben Brown,676962,75,73.87,1.1299999999999955,True,2026,Cam Schlittler,FF,19,19,1.298,0.8962,16
12,Bubba Chandler,696149,75,73.56,1.4399999999999977,True,2026,Cam Schlittler,FF,19,19,1.298,0.8962,16
13,Wilber Dotel,696062,74,75.01,1.0100000000000051,True,2026,Cam Schlittler,FF,19,19,1.298,0.8962,16
14,Max Kranick,668820,74,74.57,0.5699999999999932,True,2026,Cam Schlittler,FF,19,19,1.298,0.8962,16
15,Cameron Foster,671382,74,73.27,0.730000000000004,True,2026,Cam Schlittler,FF,19,19,1.298,0.8962,16
16,Caleb Kilian,668873,74,74.26,0.2600000000000051,True,2026,Cam Schlittler,FF,19,19,1.298,0.8962,16
17,Tyler Davis,699823,74,72.15,1.8499999999999943,True,2026,Cam Schlittler,FF,19,19,1.298,0.8962,16
18,Kyle Nicolas,693312,73,72.02,0.980000000000004,False,2026,Cam Schlittler,FF,19,19,1.298,0.8962,16
19,Hunter Brown,686613,72,66.18,5.819999999999993,False,2026,Cam Schlittler,FF,19,19,1.298,0.8962,16
